{"stats":{"minecraft:used":{"minecraft:oak_fence":24,"minecraft:stone_brick_slab":96,"minecraft:red_shulker_box":3,"minecraft:writable_book":1,"minecraft:crying_obsidian":16,"minecraft:cyan_shulker_box":1,"minecraft:flint_and_steel":5,"minecraft:gray_shulker_box":1,"minecraft:armor_stand":1,"minecraft:grass_block":3,"minecraft:yellow_shulker_box":1,"minecraft:oak_planks":18,"minecraft:oak_sign":19,"minecraft:quartz_block":83,"minecraft:blackstone":189,"minecraft:lectern":1,"minecraft:chest":37,"minecraft:black_shulker_box":3,"minecraft:purple_shulker_box":1,"minecraft:white_shulker_box":1,"minecraft:pink_stained_glass_pane":6,"minecraft:stone_brick_stairs":507,"minecraft:barrel":1,"minecraft:player_head":19,"minecraft:brown_stained_glass_pane":69,"minecraft:glowstone":47,"minecraft:polished_deepslate_slab":44,"minecraft:diamond_block":2,"minecraft:red_stained_glass_pane":2,"minecraft:written_book":4,"minecraft:white_banner":1,"minecraft:white_stained_glass_pane":10,"minecraft:blast_furnace":3,"minecraft:gold_block":8,"minecraft:deepslate_brick_slab":6,"minecraft:candle":16,"minecraft:obsidian":1},"minecraft:custom":{"minecraft:time_since_rest":67550,"minecraft:sprint_one_cm":78309,"minecraft:walk_one_cm":171428,"minecraft:fly_one_cm":633914,"minecraft:open_barrel":1,"minecraft:open_chest":75,"minecraft:crouch_one_cm":2489,"minecraft:play_time":82442,"minecraft:open_shulker_box":11,"minecraft:deaths":1,"minecraft:sneak_time":2021,"minecraft:interact_with_lectern":3,"minecraft:jump":311,"minecraft:leave_game":4,"minecraft:time_since_death":67522,"minecraft:total_world_time":102181},"minecraft:picked_up":{"minecraft:wooden_axe":1,"minecraft:lime_stained_glass_pane":24,"minecraft:yellow_shulker_box":2,"minecraft:diamond_sword":4,"minecraft:diamond_horse_armor":1,"minecraft:purple_shulker_box":1,"minecraft:diamond_block":1,"minecraft:cyan_shulker_box":2,"minecraft:barrel":3,"minecraft:gray_shulker_box":2,"minecraft:iron_leggings":1,"minecraft:diamond_shovel":1,"minecraft:iron_shovel":2,"minecraft:red_shulker_box":5,"minecraft:diamond":4,"minecraft:beetroot_seeds":15,"minecraft:diamond_leggings":2,"minecraft:black_shulker_box":5,"minecraft:diamond_boots":2,"minecraft:iron_helmet":1,"minecraft:iron_ingot":35,"minecraft:spire_armor_trim_smithing_template":1,"minecraft:saddle":3,"minecraft:gold_ingot":21,"minecraft:diamond_helmet":1,"minecraft:white_shulker_box":1,"minecraft:oak_planks":1,"minecraft:iron_sword":1,"minecraft:iron_boots":2,"minecraft:diamond_pickaxe":1}},"DataVersion":3700}